{
  "n_samples": 3205029,
  "acc_x": {
    "mean": -5.0787508181520895,
    "std": 6.2951877185110545,
    "min": -19.5774,
    "max": 19.422
  },
  "acc_y": {
    "mean": -4.473952597517634,
    "std": 4.59482891279384,
    "min": -19.9123,
    "max": 19.0871
  },
  "acc_z": {
    "mean": 1.9009608940221592,
    "std": 4.1266293347264655,
    "min": -19.5788,
    "max": 19.4206
  },
  "gyr_x": {
    "mean": -0.03305286723391998,
    "std": 1.2464146238862777,
    "min": -29.757980381471388,
    "max": 25.77581205922323
  },
  "gyr_y": {
    "mean": 0.005232137190385431,
    "std": 1.176868705138094,
    "min": -15.679760457484257,
    "max": 14.02200163346198
  },
  "gyr_z": {
    "mean": -0.0011743159928201343,
    "std": 1.3400694244647973,
    "min": -17.45380758401453,
    "max": 17.949260989433757
  },
  "activity_counts": {
    "2": 481777,
    "3": 476271,
    "0": 486295,
    "4": 482499,
    "1": 516932,
    "6": 322217,
    "5": 365662,
    "7": 73376
  },
  "subject_counts": {
    "1": 206964,
    "2": 161312,
    "3": 229011,
    "4": 208976,
    "5": 247153,
    "6": 217320,
    "7": 191523,
    "8": 245517,
    "9": 226030,
    "10": 211532,
    "11": 221416,
    "12": 213909,
    "13": 220150,
    "14": 180673,
    "15": 223543
  },
  "sampling_global_mean_dt": 0.019999980926103268,
  "sampling_global_median_dt": 0.019999980926513672,
  "sampling_global_std_mean_dt": 7.89630036930173e-12
}